{"110": {"x": 51.52829, "y": -0.12699}, "108": {"x": 51.52325, "y": -0.12474}, "8": {"x": 51.52687, "y": -0.12976}, "40": {"x": 51.5272, "y": -0.09096}, "58": {"x": 51.52477, "y": -0.13257}, "39": {"x": 51.52531, "y": -0.13171}, "85": {"x": 51.52101, "y": -0.1282}, "19": {"x": 51.52338, "y": -0.13282}, "27": {"x": 51.5251, "y": -0.1225}, "32": {"x": 51.55283, "y": -0.16613}, "28": {"x": 51.52243, "y": -0.12302}, "38": {"x": 51.52476, "y": -0.13339}, "14": {"x": 51.52599, "y": -0.12281}, "47": {"x": 51.6312, "y": -0.3074}, "46": {"x": 51.52328, "y": -0.12863}, "7": {"x": 51.52491, "y": -0.13159}, "12": {"x": 51.52344, "y": -0.11802}, "84": {"x": 51.52411, "y": -0.13353}, "10": {"x": 51.52367, "y": -0.13223}, "45": {"x": 51.52408, "y": -0.1351}, "61": {"x": 51.52192, "y": -0.1346}, "33": {"x": 51.52433, "y": -0.1329}, "81": {"x": 51.52293, "y": -0.13233}, "73": {"x": 51.52464, "y": -0.1347}, "80": {"x": 51.52579, "y": -0.11924}, "79": {"x": 51.52578, "y": -0.11925}, "64": {"x": 51.52491, "y": -0.1316}, "63": {"x": 51.52492, "y": -0.13161}, "76": {"x": 51.52494, "y": -0.13201}, "77": {"x": 51.52366, "y": -0.13221}, "68": {"x": 51.52538, "y": -0.1323}, "71": {"x": 51.52589, "y": -0.12278}, "70": {"x": 51.52588, "y": -0.12279}, "69": {"x": 51.52405, "y": -0.13405}, "67": {"x": 51.52406, "y": -0.13406}, "74": {"x": 51.52682, "y": -0.12992}, "75": {"x": 51.52683, "y": -0.12993}, "82": {"x": 51.52647, "y": -0.13098}, "66": {"x": 51.52393, "y": -0.12893}, "65": {"x": 51.52394, "y": -0.12894}, "72": {"x": 51.52395, "y": -0.12895}, "6": {"x": 51.52371, "y": -0.1336}, "62": {"x": 51.52446, "y": -0.13212}, "78": {"x": 51.52487, "y": -0.12984}}